[
  { "label": "Banja Luka" },
  { "label": "Banovići" },
  { "label": "Berkovići" },
  { "label": "Bihać" },
  { "label": "Bijeljina" },
  { "label": "Bileća" },
  { "label": "Bosanska Krupa" },
  { "label": "Bosanski Petrovac" },
  { "label": "Bosansko Grahovo" },
  { "label": "Bratunac" },
  { "label": "Breza" },
  { "label": "Brod" },
  { "label": "Bugojno" },
  { "label": "Busovača" },
  { "label": "Bužim" },
  { "label": "Čajniče" },
  { "label": "Čapljina" },
  { "label": "Cazin" },
  { "label": "Čelić" },
  { "label": "Čelinac" },
  { "label": "Centar, Sarajevo" },
  { "label": "Čitluk" },
  { "label": "Derventa" },
  { "label": "Doboj" },
  { "label": "Doboj East" },
  { "label": "Doboj South" },
  { "label": "Dobretići" },
  { "label": "Domaljevac-Šamac" },
  { "label": "Donji Vakuf" },
  { "label": "Donji Žabar" },
  { "label": "Drvar" },
  { "label": "Foča" },
  { "label": "Foča-Ustikolina" },
  { "label": "Fojnica" },
  { "label": "Gacko" },
  { "label": "Glamoč" },
  { "label": "Goražde" },
  { "label": "Gornji Vakuf-Uskoplje" },
  { "label": "Gračanica" },
  { "label": "Gradačac" },
  { "label": "Gradiška" },
  { "label": "Grude" },
  { "label": "Hadžići" },
  { "label": "Han Pijesak" },
  { "label": "Ilidža" },
  { "label": "Ilijaš" },
  { "label": "Istočna Ilidža" },
  { "label": "Istočni Drvar" },
  { "label": "Istočni Mostar" },
  { "label": "Istočni Stari Grad" },
  { "label": "Istočno Novo Sarajevo" },
  { "label": "Istočno Sarajevo" },
  { "label": "Jablanica" },
  { "label": "Jajce" },
  { "label": "Jezero" },
  { "label": "Kakanj" },
  { "label": "Kalesija" },
  { "label": "Kalinovik" },
  { "label": "Kiseljak" },
  { "label": "Kladanj" },
  { "label": "Ključ" },
  { "label": "Kneževo" },
  { "label": "Konjic" },
  { "label": "Kostajnica" },
  { "label": "Kotor Varoš" },
  { "label": "Kozarska Dubica" },
  { "label": "Kreševo" },
  { "label": "Krupa na Uni" },
  { "label": "Kupres" },
  { "label": "Kupres" },
  { "label": "Laktaši" },
  { "label": "Livno" },
  { "label": "Ljubinje" },
  { "label": "Ljubuški" },
  { "label": "Lopare" },
  { "label": "Maglaj" },
  { "label": "Milići" },
  { "label": "Modriča" },
  { "label": "Mostar" },
  { "label": "Mrkonjić Grad" },
  { "label": "Neum" },
  { "label": "Nevesinje" },
  { "label": "Novi Grad" },
  { "label": "Novi Grad, Sarajevo" },
  { "label": "Novi Travnik" },
  { "label": "Novo Goražde" },
  { "label": "Novo Sarajevo" },
  { "label": "Odžak" },
  { "label": "Olovo" },
  { "label": "Orašje" },
  { "label": "Osmaci" },
  { "label": "Oštra Luka" },
  { "label": "Pale" },
  { "label": "Pale-Prača" },
  { "label": "Pelagićevo" },
  { "label": "Petrovac" },
  { "label": "Petrovo" },
  { "label": "Posušje" },
  { "label": "Prijedor" },
  { "label": "Prnjavor" },
  { "label": "Prozor-Rama" },
  { "label": "Ravno" },
  { "label": "Ribnik" },
  { "label": "Rogatica" },
  { "label": "Rudo" },
  { "label": "Šamac" },
  { "label": "Sanski Most" },
  { "label": "Sapna" },
  { "label": "Šekovići" },
  { "label": "Šipovo" },
  { "label": "Sokolac" },
  { "label": "Srbac" },
  { "label": "Srebrenica" },
  { "label": "Srebrenik" },
  { "label": "Stanari" },
  { "label": "Stari Grad, Sarajevo" },
  { "label": "Stolac" },
  { "label": "Teočak" },
  { "label": "Tešanj" },
  { "label": "Teslić" },
  { "label": "Tomislavgrad" },
  { "label": "Travnik" },
  { "label": "Trebinje" },
  { "label": "Trnovo (FBiH)" },
  { "label": "Trnovo (RS)" },
  { "label": "Tuzla" },
  { "label": "Ugljevik" },
  { "label": "Usora" },
  { "label": "Vareš" },
  { "label": "Velika Kladuša" },
  { "label": "Višegrad" },
  { "label": "Visoko" },
  { "label": "Vitez" },
  { "label": "Vlasenica" },
  { "label": "Vogošća" },
  { "label": "Vukosavlje" },
  { "label": "Zavidovići" },
  { "label": "Zenica" },
  { "label": "Žepče" },
  { "label": "Živinice" },
  { "label": "Zvornik" }
]